{
  "r2": 0.3015713061110351,
  "rmse": 4.497778883998368,
  "dw": 0.05396859425950977
}